{"cameraMode":{"drawMode":0,"name":"Shaded","section":"Shading Mode"},"sceneLighting":false,"audioPlay":false,"sceneViewState":{"m_AlwaysRefresh":false,"showFog":true,"showSkybox":false,"showFlares":true,"showImageEffects":true,"showParticleSystems":true,"showVisualEffectGraphs":true,"m_FxEnabled":true},"in2DMode":false,"pivot":{"x":0.6178513765335083,"y":0.8026036024093628,"z":-1.104227900505066},"rotation":{"x":0.3246996998786926,"y":-0.2237498164176941,"z":0.07935582101345062,"w":0.9155532121658325},"size":0.26568561792373659,"orthographic":false}